Question,Providers Required,Providers Optional,Providers Self Attestation,Providers Burden of Proof,Upstream Q's,Downstream Q's,Data Quality Notes
First and last,"Hyde Shuttle, Northshore Senior Center, Beyond the Borders, Access Paratransit, Metro Transit Instruction, ORCA, SAP, Snow Goose Transit, MetroFlex, Pierce Runner, Zip Shuttle",Homage TAP,,,,,
Phone,"Hyde Shuttle, Northshore Senior Center, Beyond the Borders, Access Paratransit, Metro Transit Instruction, ORCA, Snow Goose Transit, MetroFlex, Pierce Runner, Zip Shuttle","Homage TAP, ORCA, SAP","Hyde Shuttle, Northshore Senior Center, Beyond the Borders, Access Paratransit, Metro Transit Instruction, Homage TAP, ORCA",,,,"ORCA is listed under both Providers Required and Providers Optional for this question — a direct contradiction as stated. Not altered; requires human resolution."
Email,"Hyde Shuttle, Northshore Senior Center, ORCA (Senior), Beyond the Borders, Snow Goose Transit, MetroFlex, Pierce Runner, Zip Shuttle","Homage TAP, ORCA (Disabled), ORCA LIFT, Metro Transit Instruction, Access Paratransit, SAP","Hyde Shuttle, Northshore Senior Center, ORCA, Beyond the Borders, Homage TAP, Metro Transit Instruction, Access Paratransit",,,,"Self-Attestation cell originally listed 'ORCA' twice (one instance with trailing whitespace); duplicate removed. Bare 'ORCA' appears in Self-Attestation but has no corresponding entry in Required or Optional for this question — completeness gap, not resolved here."
Home address,"Hyde Shuttle, ORCA (Disabled), Beyond the Borders, Access Paratransit, SAP, Snow Goose Transit","Homage TAP, ORCA (Senior), ORCA LIFT","Hyde Shuttle, ORCA, Beyond the Borders, Access Paratransit, Homage TAP",,,Mailing address same as home address?,"Bare 'ORCA' appears in Self-Attestation but not in Required or Optional for this question — same completeness gap as the Email row, not resolved here. Downstream reference does not match any Question row in this sheet and is left unresolved."
Mailing address,"Northshore Senior Center, ORCA (Senior), ORCA LIFT, Access Paratransit","Homage TAP, ORCA (Disabled), SAP","Northshore Senior Center, ORCA, Access Paratransit, Homage TAP",,Mailing address same as home address?,,"Bare 'ORCA' in Self-Attestation not present in Required or Optional for this question — completeness gap, not resolved here. Upstream reference does not match any Question row and is left unresolved."
Accessibility needs,"Hyde Shuttle, Beyond the Borders",Homage TAP,"Hyde Shuttle, Beyond the Borders, Homage TAP",,,Which provider capabilities are needed,"Typo 'providercapabilities' corrected to 'provider capabilities'. The reference still matches no Question row and stays unresolved — it points at provider capability data (see data/capabilities.csv), which is a separate dataset this sheet does not model."
Gender,Hyde Shuttle,"Homage TAP, Northshore Senior Center, Sound Generations VTS","Homage TAP, Northshore Senior Center, Sound Generations VTS",,,,
Race,Hyde Shuttle,Northshore Senior Center,"Hyde Shuttle, Northshore Senior Center",,,Ethnicity,
Ethnicity,Hyde Shuttle,"Northshore Senior Center, ORCA LIFT, SAP","Hyde Shuttle, Northshore Senior Center, ORCA LIFT",,Race,,
Primary language,"Hyde Shuttle, Access Paratransit, ORCA LIFT, Sound Generations VTS, SAP","Homage TAP, Metro Transit Instruction","Hyde Shuttle, Access Paratransit, Homage TAP, Metro Transit Instruction, ORCA LIFT",,,,
Veteran Status,Beyond the Borders,"Homage TAP, Northshore Senior Center, Sound Generations VTS","Homage TAP, Northshore Senior Center, Beyond the Borders",,,,"This row appeared as 'Military service' in the previous revision of this file; the source sheet's wording is used here, which changes the generated question id."
Income,"Homage TAP, ORCA LIFT, Beyond the Borders","Sound Generations VTS, Hyde Shuttle","Homage TAP, Hyde Shuttle, Beyond the Borders",ORCA (ProviderOne number OR EBT number OR DSHS Client ID number OR financial aid statement or award letter showing the Washington State Opportunity Grant OR Pay stub or Most recent tax return [Self-employed applicants only] or Unemployment award letter or Labor & Industries award letter or SSI/Retirement award letter + documentation of household size),,,"Proof cell spanned five lines in the source; line breaks collapsed to spaces, wording unchanged. Proof entry references bare 'ORCA', but only 'ORCA LIFT' appears under Providers Required for this question — likely intended to reference ORCA LIFT specifically. Not changed; flagged for confirmation."
Age,"Beyond the Borders, Hyde Shuttle, ORCA, SAP, Snow Goose Transit",Homage TAP,"Homage TAP, Beyond the Borders, Hyde Shuttle",ORCA (Photo ID),,,
Disabled,"Hyde Shuttle, ORCA, Beyond the Borders, Access Paratransit, Snow Goose Transit",Homage TAP,"Homage TAP, Beyond the Borders",ORCA (State or federal documentation); Access Paratransit (signed note from doctor and in-person evaluation),,Is the disability temporary or permanent,"Proof segments were comma-delimited in the source, which is ambiguous against the commas inside proof text; re-delimited with ';'. Downstream reference corrected from 'Temporary or permanent disability?' to match the exact text of the corresponding Question row."
Is the disability temporary or permanent,,Homage TAP,Homage TAP,ORCA (State or federal documentation); Access Paratransit (signed note from doctor and in-person evaluation),Disabled,,"Upstream cell originally embedded an explanatory clause ('for ORCA, whether disability is temporary or permanent is determined by the document you upload'); link simplified to 'Disabled' and the explanation is preserved here rather than discarded. Proof segments re-delimited with ';'. Separately: ORCA and Access Paratransit appear in Burden of Proof for this question but not in Required or Optional — completeness gap, not resolved here."
Do you need transportation to dialysis?,Beyond the Borders,,Beyond the Borders,,,,
Are you registered with Pierce SHUTTLE,Beyond the Borders,,Beyond the Borders,,,,"'Pierce SHUTTLE' is question text, not an agency column, and is not on the canonical agency roster. Whether it refers to the roster's 'Pierce Runner' or to a separate Pierce County program is unresolved in the source."
Do you have a ProviderOne number,,Homage TAP,,Homage TAP (Type number into textbox),,,"Homage TAP appears under both Optional and Burden of Proof. The described 'proof' (typing a number into a textbox) is applicant self-report, not third-party documentary evidence, and arguably belongs under Self-Attestation. Not moved; flagged for confirmation. The SAP rows 'Selection of benefits program' and 'Benefits ID Number' name this question as downstream, but no reciprocal upstream link is recorded here."
Are you currently homeless?,,ORCA LIFT,ORCA LIFT,,Home address,Mailing address,"Upstream/Downstream casing corrected to match exact Question-row text ('Home Address'->'Home address', 'Mailing Address'->'Mailing address')."
Preferred method of contact?,"ORCA LIFT, ORCA (Disabled), Beyond the Borders, Sound Generations VTS, SAP",Metro Transit Instruction,"ORCA LIFT, ORCA (Disabled), Beyond the Borders, Metro Transit Instruction, Sound Generations VTS",,Phone; Email,,"Upstream cell held two comma-separated references ('Phone number, email'); re-delimited with ';' and matched to the 'Phone' and 'Email' Question rows. 'Phone number' is a paraphrase of 'Phone' — match assumed, not stated in the source."
May we leave a message?,"ORCA LIFT, ORCA (Disabled), SAP",,,,Preferred method of contact?,,"Upstream reference corrected from 'Preferred Method of Contact' to match exact Question-row text, including trailing '?'."
Emergency Contact,"Homage TAP, Northshore Senior Center",Sound Generations VTS,Sound Generations VTS,,,,"Required cell had a trailing comma producing an empty agency token; removed."
Are you a King County Resident?,Sound Generations VTS,,Sound Generations VTS,,Home address,,"Upstream reference casing corrected from 'Home Address' to match exact Question-row text."
Can you get in and out of a vehicle on your own?,Sound Generations VTS,,Sound Generations VTS,,,,
Do you live alone,,Sound Generations VTS,Sound Generations VTS,,,,
Are you an immigrant,,Sound Generations VTS,Sound Generations VTS,,,,
Marital Status,,"Sound Generations VTS, Northshore Senior Center",Sound Generations VTS,,,,
Sexual Orientation,,Sound Generations VTS,Sound Generations VTS,,,,
Do you need an interpreter,,Sound Generations VTS,Sound Generations VTS,,Primary language; Accessibility needs,,"Upstream cell held two comma-separated references ('Preferred Language, accessibility needs'); re-delimited with ';'. 'Preferred Language' is a paraphrase of the 'Primary language' Question row — match assumed, not stated in the source."
Do you have any allergies we need to be aware of,,Sound Generations VTS,Sound Generations VTS,,,,
Do you require a service animal,,Sound Generations VTS,Sound Generations VTS,,Accessibility needs,,
Do you smoke,,Sound Generations VTS,Sound Generations VTS,,,,
Do you require portable Oxygen,,Sound Generations VTS,Sound Generations VTS,,,,
Do you need a companion,,Sound Generations VTS,Sound Generations VTS,,Accessibility needs,,
Do you have hearing issues or sight issues,,Sound Generations VTS,Sound Generations VTS,,Disabled,,"Upstream reference given as 'Disability status'; matched to the 'Disabled' Question row as a paraphrase — match assumed, not stated in the source."
How many riders to expect,,Sound Generations VTS,Sound Generations VTS,,Accessibility needs,,
Anything you would like your driver to know about you?,,Sound Generations VTS,Sound Generations VTS,,,,
"Do you require any special assistance (extra load time, comfort pet, etc)",,Hyde Shuttle,Hyde Shuttle,,Accessibility needs,,
"Special directions (gate code, etc)",,Hyde Shuttle,Hyde Shuttle,,,,
Household Size,SAP,,,SAP,,,"SAP appears under Burden of Proof with no proof type specified, so the required document is unknown. The Income row's ORCA proof text ends with 'documentation of household size', suggesting a relationship to this question that the source records no link for."
Selection of benefits program,SAP,,,SAP,,Do you have a ProviderOne number,"Downstream reference corrected from 'Do you have a ProviderOne number?' — the trailing '?' is not part of the corresponding Question row's text. SAP's proof type is unspecified."
Benefits ID Number,SAP,,,SAP,,Do you have a ProviderOne number,"Downstream reference corrected from 'Do you have a ProviderOne number?' — the trailing '?' is not part of the corresponding Question row's text. SAP's proof type is unspecified."
