Question ID,Capability ID,Note
accessibility-needs,wheelchair-accessible,"'Accessibility needs' is a free-text question; these six capability columns are the specific things it is understood to be asking about. The source data does not itemize them, so this breakdown is an editorial claim, not a transcription."
accessibility-needs,power-wheelchair-accessible,See note on the Wheelchair Accessible row. Worth attention: this capability varies between providers but no agency asks about it specifically.
accessibility-needs,walker-folding,See note on the Wheelchair Accessible row.
accessibility-needs,walker-nonfolding,See note on the Wheelchair Accessible row.
accessibility-needs,lift,See note on the Wheelchair Accessible row.
accessibility-needs,ramp,See note on the Wheelchair Accessible row.
do-you-require-a-service-animal,allows-service-animals,Direct one-to-one correspondence between the question and the capability column.
do-you-need-a-companion,allows-for-companions,Direct correspondence. Note that Hyde Shuttle's answer carries a limit ('1') that the canonical yes/no value does not capture — read the qualifier alongside it.
do-you-require-portable-oxygen,portable-oxygen,Direct one-to-one correspondence between the question and the capability column.
do-you-need-an-interpreter,interpretation-support,Direct one-to-one correspondence between the question and the capability column.
can-you-get-in-and-out-of-a-vehicle-on-your-own,door-to-door,"The question distinguishes riders who need door-to-door assistance from those a curb-to-curb service can carry, so it maps to both service-model columns."
can-you-get-in-and-out-of-a-vehicle-on-your-own,curb-to-curb,See note on the Door-to-door row.
