Question ID,Leads to,Note
home-address,mailing-address-same-as-home-address,
mailing-address-same-as-home-address,mailing-address,
race,ethnicity,
disabled,is-the-disability-temporary-or-permanent,
home-address,are-you-currently-homeless,
are-you-currently-homeless,mailing-address,
phone,preferred-method-of-contact,
email,preferred-method-of-contact,
preferred-method-of-contact,may-we-leave-a-message,
home-address,are-you-a-king-county-resident,
primary-language,do-you-need-an-interpreter,
accessibility-needs,do-you-need-an-interpreter,
accessibility-needs,do-you-require-a-service-animal,
accessibility-needs,do-you-need-a-companion,
disabled,do-you-have-hearing-issues-or-sight-issues,
accessibility-needs,how-many-riders-to-expect,
accessibility-needs,do-you-require-any-special-assistance-extra-load-time-comfort-pet-etc,
selection-of-benefits-program,do-you-have-a-providerone-number,
benefits-id-number,do-you-have-a-providerone-number,
