Question ID,Agency,Asked,Verification,Proof detail
first-and-last,Hyde Shuttle,Required,,
first-and-last,Northshore Senior Center,Required,,
first-and-last,Beyond the Borders,Required,,
first-and-last,Access Paratransit,Required,,
first-and-last,Metro Transit Instruction,Required,,
first-and-last,ORCA,Required,,
first-and-last,SAP,Required,,
first-and-last,Snow Goose Transit,Required,,
first-and-last,MetroFlex,Required,,
first-and-last,Pierce Runner,Required,,
first-and-last,Zip Shuttle,Required,,
first-and-last,Homage TAP,Optional,,
phone,Hyde Shuttle,Required,Self-attestation,
phone,Northshore Senior Center,Required,Self-attestation,
phone,Beyond the Borders,Required,Self-attestation,
phone,Access Paratransit,Required,Self-attestation,
phone,Metro Transit Instruction,Required,Self-attestation,
phone,ORCA,Required,Self-attestation,
phone,Snow Goose Transit,Required,,
phone,MetroFlex,Required,,
phone,Pierce Runner,Required,,
phone,Zip Shuttle,Required,,
phone,Homage TAP,Optional,Self-attestation,
phone,SAP,Optional,,
email,Hyde Shuttle,Required,Self-attestation,
email,Northshore Senior Center,Required,Self-attestation,
email,ORCA (Senior),Required,,
email,Beyond the Borders,Required,Self-attestation,
email,Snow Goose Transit,Required,,
email,MetroFlex,Required,,
email,Pierce Runner,Required,,
email,Zip Shuttle,Required,,
email,Homage TAP,Optional,Self-attestation,
email,ORCA (Disabled),Optional,,
email,ORCA LIFT,Optional,,
email,Metro Transit Instruction,Optional,Self-attestation,
email,Access Paratransit,Optional,Self-attestation,
email,SAP,Optional,,
email,ORCA,,Self-attestation,
home-address,Hyde Shuttle,Required,Self-attestation,
home-address,ORCA (Disabled),Required,,
home-address,Beyond the Borders,Required,Self-attestation,
home-address,Access Paratransit,Required,Self-attestation,
home-address,SAP,Required,,
home-address,Snow Goose Transit,Required,,
home-address,Homage TAP,Optional,Self-attestation,
home-address,ORCA (Senior),Optional,,
home-address,ORCA LIFT,Optional,,
home-address,ORCA,,Self-attestation,
mailing-address,Northshore Senior Center,Required,Self-attestation,
mailing-address,ORCA (Senior),Required,,
mailing-address,ORCA LIFT,Required,,
mailing-address,Access Paratransit,Required,Self-attestation,
mailing-address,Homage TAP,Optional,Self-attestation,
mailing-address,ORCA (Disabled),Optional,,
mailing-address,SAP,Optional,,
mailing-address,ORCA,,Self-attestation,
accessibility-needs,Hyde Shuttle,Required,Self-attestation,
accessibility-needs,Beyond the Borders,Required,Self-attestation,
accessibility-needs,Homage TAP,Optional,Self-attestation,
gender,Hyde Shuttle,Required,,
gender,Homage TAP,Optional,Self-attestation,
gender,Northshore Senior Center,Optional,Self-attestation,
gender,Sound Generations VTS,Optional,Self-attestation,
race,Hyde Shuttle,Required,Self-attestation,
race,Northshore Senior Center,Optional,Self-attestation,
ethnicity,Hyde Shuttle,Required,Self-attestation,
ethnicity,Northshore Senior Center,Optional,Self-attestation,
ethnicity,ORCA LIFT,Optional,Self-attestation,
ethnicity,SAP,Optional,,
primary-language,Hyde Shuttle,Required,Self-attestation,
primary-language,Access Paratransit,Required,Self-attestation,
primary-language,ORCA LIFT,Required,Self-attestation,
primary-language,Sound Generations VTS,Required,,
primary-language,SAP,Required,,
primary-language,Homage TAP,Optional,Self-attestation,
primary-language,Metro Transit Instruction,Optional,Self-attestation,
veteran-status,Beyond the Borders,Required,Self-attestation,
veteran-status,Homage TAP,Optional,Self-attestation,
veteran-status,Northshore Senior Center,Optional,Self-attestation,
veteran-status,Sound Generations VTS,Optional,,
income,Homage TAP,Required,Self-attestation,
income,ORCA LIFT,Required,,
income,Beyond the Borders,Required,Self-attestation,
income,Sound Generations VTS,Optional,,
income,Hyde Shuttle,Optional,Self-attestation,
income,ORCA,,Proof required,ProviderOne number OR EBT number OR DSHS Client ID number OR financial aid statement or award letter showing the Washington State Opportunity Grant OR Pay stub or Most recent tax return [Self-employed applicants only] or Unemployment award letter or Labor & Industries award letter or SSI/Retirement award letter + documentation of household size
age,Beyond the Borders,Required,Self-attestation,
age,Hyde Shuttle,Required,Self-attestation,
age,ORCA,Required,Proof required,Photo ID
age,SAP,Required,,
age,Snow Goose Transit,Required,,
age,Homage TAP,Optional,Self-attestation,
disabled,Hyde Shuttle,Required,,
disabled,ORCA,Required,Proof required,State or federal documentation
disabled,Beyond the Borders,Required,Self-attestation,
disabled,Access Paratransit,Required,Proof required,signed note from doctor and in-person evaluation
disabled,Snow Goose Transit,Required,,
disabled,Homage TAP,Optional,Self-attestation,
is-the-disability-temporary-or-permanent,Homage TAP,Optional,Self-attestation,
is-the-disability-temporary-or-permanent,ORCA,,Proof required,State or federal documentation
is-the-disability-temporary-or-permanent,Access Paratransit,,Proof required,signed note from doctor and in-person evaluation
do-you-need-transportation-to-dialysis,Beyond the Borders,Required,Self-attestation,
are-you-registered-with-pierce-shuttle,Beyond the Borders,Required,Self-attestation,
do-you-have-a-providerone-number,Homage TAP,Optional,Proof required,Type number into textbox
are-you-currently-homeless,ORCA LIFT,Optional,Self-attestation,
preferred-method-of-contact,ORCA LIFT,Required,Self-attestation,
preferred-method-of-contact,ORCA (Disabled),Required,Self-attestation,
preferred-method-of-contact,Beyond the Borders,Required,Self-attestation,
preferred-method-of-contact,Sound Generations VTS,Required,Self-attestation,
preferred-method-of-contact,SAP,Required,,
preferred-method-of-contact,Metro Transit Instruction,Optional,Self-attestation,
may-we-leave-a-message,ORCA LIFT,Required,,
may-we-leave-a-message,ORCA (Disabled),Required,,
may-we-leave-a-message,SAP,Required,,
emergency-contact,Homage TAP,Required,,
emergency-contact,Northshore Senior Center,Required,,
emergency-contact,Sound Generations VTS,Optional,Self-attestation,
are-you-a-king-county-resident,Sound Generations VTS,Required,Self-attestation,
can-you-get-in-and-out-of-a-vehicle-on-your-own,Sound Generations VTS,Required,Self-attestation,
do-you-live-alone,Sound Generations VTS,Optional,Self-attestation,
are-you-an-immigrant,Sound Generations VTS,Optional,Self-attestation,
marital-status,Sound Generations VTS,Optional,Self-attestation,
marital-status,Northshore Senior Center,Optional,,
sexual-orientation,Sound Generations VTS,Optional,Self-attestation,
do-you-need-an-interpreter,Sound Generations VTS,Optional,Self-attestation,
do-you-have-any-allergies-we-need-to-be-aware-of,Sound Generations VTS,Optional,Self-attestation,
do-you-require-a-service-animal,Sound Generations VTS,Optional,Self-attestation,
do-you-smoke,Sound Generations VTS,Optional,Self-attestation,
do-you-require-portable-oxygen,Sound Generations VTS,Optional,Self-attestation,
do-you-need-a-companion,Sound Generations VTS,Optional,Self-attestation,
do-you-have-hearing-issues-or-sight-issues,Sound Generations VTS,Optional,Self-attestation,
how-many-riders-to-expect,Sound Generations VTS,Optional,Self-attestation,
anything-you-would-like-your-driver-to-know-about-you,Sound Generations VTS,Optional,Self-attestation,
do-you-require-any-special-assistance-extra-load-time-comfort-pet-etc,Hyde Shuttle,Optional,Self-attestation,
special-directions-gate-code-etc,Hyde Shuttle,Optional,Self-attestation,
household-size,SAP,Required,Proof required,
selection-of-benefits-program,SAP,Required,Proof required,
benefits-id-number,SAP,Required,Proof required,
